{
    "Id": "TI_General_Adjustments_Alterations",
    "Title": "TI General Adjustments&Alterations",
    "DisplayName": "TI General Adjustments&Alterations",
    "Author": "ModMaster9000",
    "ModURL": "https://steamcommunity.com/sharedfiles/filedetails/?id=2873851670",
    "Description": "General Adjustments&Alterations",
    "Version": "0.2.0",
    "ManagerVersion": "0.27.8.0",
    "AssemblyName": "TI_General_Adjustments_Alterations.dll",
    "EntryMethod": "TI_General_Adjustments_Alterations.Main.Load"
}